[
  {
    "Servidor": "absoluthero.servegame.com",
    "Jogadores Online": 192,
    "Versão": "8.60",
    "Origem": "Socket",
    "Observação": ""
  },
  {
    "Servidor": "alastera.com",
    "Jogadores Online": 171,
    "Versão": "8.60",
    "Origem": "Socket",
    "Observação": ""
  },
  {
    "Servidor": "ambrussouls.com",
    "Jogadores Online": 106,
    "Versão": "8.60",
    "Origem": "Socket",
    "Observação": ""
  },
  {
    "Servidor": "amera.fun",
    "Jogadores Online": 153,
    "Versão": "8.60",
    "Origem": "Socket",
    "Observação": ""
  },
  {
    "Servidor": "amirots.com",
    "Jogadores Online": 29,
    "Versão": "8.60",
    "Origem": "Socket",
    "Observação": ""
  },
  {
    "Servidor": "3dragons.games",
    "Jogadores Online": "N/A",
    "Versão": "N/A",
    "Origem": "Erro",
    "Observação": ""
  },
  {
    "Servidor": "acidsot.com",
    "Jogadores Online": "N/A",
    "Versão": "N/A",
    "Origem": "Erro",
    "Observação": ""
  },
  {
    "Servidor": "antica-global.net",
    "Jogadores Online": "N/A",
    "Versão": "N/A",
    "Origem": "Erro",
    "Observação": ""
  },
  {
    "Servidor": "arcanis-ots.net",
    "Jogadores Online": "N/A",
    "Versão": "N/A",
    "Origem": "Erro",
    "Observação": ""
  },
  {
    "Servidor": "arenaot.com.br",
    "Jogadores Online": "N/A",
    "Versão": "N/A",
    "Origem": "Erro",
    "Observação": ""
  }
]